﻿<?xml version="1.0" encoding="utf-8"?>
<uexplugins>
    <plugin
        uexName="uexImageTag" version="3.0.1.14" build="1">
        <info>1.14修复了前端传入float型抛出NumberFormatException的错误</info>
        <build>1.13修复红米手机等打开图片不显示但能标记的bug</build>
        <build>1.12删不掉的问题2，同一次编辑时已被删除的id不能再次被使用</build>
        <build>1.11删不掉的问题</build>
        <build>1.10修复了切换至另一个界面标签信息消失的问题</build>
        <build>1.8修复了图片过大导致OOM导致图片打不开的问题</build>
		<build>1.7增加了解析wgt://协议，修复了图片不存在时程序的崩溃问题；增加了禁止或允许标签移动的方法；增加了移除图片的方法</build>
    	<build>1.uexImageTag图片标记初始插件</build>
    </plugin>
</uexplugins>